{
  "setup": {
    "dataset": "CIFAR-100",
    "pair": "ResNet-56->ResNet-20",
    "grad_proxy": "last-layer",
    "N": 10000,
    "n_test": 10000,
    "proj_dim": 2048,
    "anchors": 256,
    "temp": 4.0,
    "seeds": 3,
    "retrain_epochs": 60,
    "budgets": [
      500,
      1000,
      2000,
      4000
    ]
  },
  "E0": {
    "cka": 0.11893824487924576,
    "r_mean": 0.5905192494392395,
    "r_std": 0.16959254443645477,
    "eff_rank_energy90": 260,
    "eff_rank_participation": 928.6028442382812,
    "teacher_test_acc": 0.7094,
    "teacher_pool_correct": 0.9240999817848206,
    "student_warm_acc": 0.14589999616146088,
    "selection_setup_sec": 5.849609375
  },
  "E1": {
    "500": {
      "RGA_KD": {
        "acc_mean": 0.09093333333333332,
        "acc_std": 0.004339994879669279,
        "n": 3,
        "budget": 500,
        "sel_sec": 0.12699580192565918,
        "train_sec": 3.068398396174113,
        "e2e_wallclock_sec": 9.045003573099772
      },
      "GradSpan_KD": {
        "acc_mean": 0.06923333333333333,
        "acc_std": 0.002948822740612867,
        "n": 3,
        "budget": 500,
        "sel_sec": 0.1460254987080892,
        "train_sec": 2.438821315765381,
        "e2e_wallclock_sec": 8.434456189473469
      },
      "feature_coverage": {
        "acc_mean": 0.09323333333333333,
        "acc_std": 0.0008055363982396378,
        "n": 3,
        "budget": 500,
        "sel_sec": 0.1418163776397705,
        "train_sec": 2.0927483240763345,
        "e2e_wallclock_sec": 8.084174076716105
      },
      "random": {
        "acc_mean": 0.09866666666666667,
        "acc_std": 0.0037383894333730917,
        "n": 3,
        "budget": 500,
        "sel_sec": 0.00019923845926920572,
        "train_sec": 2.344173034032186,
        "e2e_wallclock_sec": 8.193981647491455
      },
      "kdloss_topk": {
        "acc_mean": 0.0694,
        "acc_std": 0.002453568829277059,
        "n": 3,
        "budget": 500,
        "sel_sec": 0.00624394416809082,
        "train_sec": 2.3616231282552085,
        "e2e_wallclock_sec": 8.2174764474233
      },
      "low_r": {
        "acc_mean": 0.044866666666666666,
        "acc_std": 0.002053181812591266,
        "n": 3,
        "budget": 500,
        "sel_sec": 0.0003170967102050781,
        "train_sec": 2.087737480799357,
        "e2e_wallclock_sec": 7.937663952509562
      },
      "nogate_highr": {
        "acc_mean": 0.08683333333333332,
        "acc_std": 0.003681787005729085,
        "n": 3,
        "budget": 500,
        "sel_sec": 0.12293966611226399,
        "train_sec": 2.090287446975708,
        "e2e_wallclock_sec": 8.06283648808797
      }
    },
    "1000": {
      "RGA_KD": {
        "acc_mean": 0.1475,
        "acc_std": 0.0021954498400100155,
        "n": 3,
        "budget": 1000,
        "sel_sec": 0.26901865005493164,
        "train_sec": 5.055046081542969,
        "e2e_wallclock_sec": 11.1736741065979
      },
      "GradSpan_KD": {
        "acc_mean": 0.12593333333333334,
        "acc_std": 0.004475364665464579,
        "n": 3,
        "budget": 1000,
        "sel_sec": 0.2916351954142253,
        "train_sec": 5.164541959762573,
        "e2e_wallclock_sec": 11.3057865301768
      },
      "feature_coverage": {
        "acc_mean": 0.14696666666666666,
        "acc_std": 0.004643513995049679,
        "n": 3,
        "budget": 1000,
        "sel_sec": 0.2861019770304362,
        "train_sec": 4.081581195195516,
        "e2e_wallclock_sec": 10.217292547225952
      },
      "random": {
        "acc_mean": 0.1593,
        "acc_std": 0.005931273050534769,
        "n": 3,
        "budget": 1000,
        "sel_sec": 0.0002117156982421875,
        "train_sec": 4.102473815282186,
        "e2e_wallclock_sec": 9.952294905980427
      },
      "kdloss_topk": {
        "acc_mean": 0.11680000000000001,
        "acc_std": 0.0038218669085496263,
        "n": 3,
        "budget": 1000,
        "sel_sec": 0.00019351641337076822,
        "train_sec": 4.761563777923584,
        "e2e_wallclock_sec": 10.611366669336956
      },
      "low_r": {
        "acc_mean": 0.07583333333333334,
        "acc_std": 0.0036935379004718804,
        "n": 3,
        "budget": 1000,
        "sel_sec": 0.000316619873046875,
        "train_sec": 4.739168485005696,
        "e2e_wallclock_sec": 10.589094479878742
      },
      "nogate_highr": {
        "acc_mean": 0.14439999999999997,
        "acc_std": 0.0007874007874011801,
        "n": 3,
        "budget": 1000,
        "sel_sec": 0.2663796742757161,
        "train_sec": 4.086255391438802,
        "e2e_wallclock_sec": 10.202244440714518
      }
    },
    "2000": {
      "RGA_KD": {
        "acc_mean": 0.2511666666666667,
        "acc_std": 0.011839294273261768,
        "n": 3,
        "budget": 2000,
        "sel_sec": 0.6443856557210287,
        "train_sec": 9.736164172490438,
        "e2e_wallclock_sec": 16.230159203211468
      },
      "GradSpan_KD": {
        "acc_mean": 0.25833333333333336,
        "acc_std": 0.0017931970208416876,
        "n": 3,
        "budget": 2000,
        "sel_sec": 0.6637462774912516,
        "train_sec": 9.794051249821981,
        "e2e_wallclock_sec": 16.307406902313232
      },
      "feature_coverage": {
        "acc_mean": 0.22913333333333333,
        "acc_std": 0.010256813453613265,
        "n": 3,
        "budget": 2000,
        "sel_sec": 0.6542753378550211,
        "train_sec": 8.588204463322958,
        "e2e_wallclock_sec": 15.092089176177979
      },
      "random": {
        "acc_mean": 0.25056666666666666,
        "acc_std": 0.011357914519057717,
        "n": 3,
        "budget": 2000,
        "sel_sec": 0.00021465619405110678,
        "train_sec": 9.235207001368204,
        "e2e_wallclock_sec": 15.085031032562256
      },
      "kdloss_topk": {
        "acc_mean": 0.21746666666666667,
        "acc_std": 0.008403306227643704,
        "n": 3,
        "budget": 2000,
        "sel_sec": 0.00021370251973470053,
        "train_sec": 10.333822647730509,
        "e2e_wallclock_sec": 16.183645725250244
      },
      "low_r": {
        "acc_mean": 0.14656666666666668,
        "acc_std": 0.012828700462461332,
        "n": 3,
        "budget": 2000,
        "sel_sec": 0.0003256797790527344,
        "train_sec": 9.409103314081827,
        "e2e_wallclock_sec": 15.25903836886088
      },
      "nogate_highr": {
        "acc_mean": 0.24713333333333334,
        "acc_std": 0.0017931970208416948,
        "n": 3,
        "budget": 2000,
        "sel_sec": 0.6374617417653402,
        "train_sec": 10.58012024561564,
        "e2e_wallclock_sec": 17.06719136238098
      }
    },
    "4000": {
      "RGA_KD": {
        "acc_mean": 0.40346666666666664,
        "acc_std": 0.00970372208084209,
        "n": 3,
        "budget": 4000,
        "sel_sec": 1.7127892971038818,
        "train_sec": 22.150274515151978,
        "e2e_wallclock_sec": 29.71267318725586
      },
      "GradSpan_KD": {
        "acc_mean": 0.4001333333333334,
        "acc_std": 0.00843972090112516,
        "n": 3,
        "budget": 4000,
        "sel_sec": 1.717280387878418,
        "train_sec": 25.538005431493122,
        "e2e_wallclock_sec": 33.10489519437154
      },
      "feature_coverage": {
        "acc_mean": 0.3408333333333333,
        "acc_std": 0.010339997850848692,
        "n": 3,
        "budget": 4000,
        "sel_sec": 1.6989270051320393,
        "train_sec": 27.176651398340862,
        "e2e_wallclock_sec": 34.7251877784729
      },
      "random": {
        "acc_mean": 0.3862666666666667,
        "acc_std": 0.021906822884409535,
        "n": 3,
        "budget": 4000,
        "sel_sec": 0.00022721290588378906,
        "train_sec": 27.05803910891215,
        "e2e_wallclock_sec": 32.90787569681804
      },
      "kdloss_topk": {
        "acc_mean": 0.38223333333333337,
        "acc_std": 0.012470320320219875,
        "n": 3,
        "budget": 4000,
        "sel_sec": 0.00022832552591959635,
        "train_sec": 27.16849223772685,