{
  "setup": {
    "dataset": "CIFAR-100",
    "pair": "ResNet-56->ResNet-20",
    "grad_proxy": "last-layer",
    "N": 2000,
    "n_test": 5000,
    "proj_dim": 2048,
    "anchors": 256,
    "temp": 4.0,
    "seeds": 3,
    "teacher_test_acc": 0.7032,
    "teacher_pool_correct": 0.921000063419342,
    "student_warm_acc": 0.06000000238418579,
    "eff_rank_R": 148,
    "retrain_epochs": 40,
    "warmup_epochs": 5
  },
  "signatures": {
    "studentKD_teacherENTK": {
      "cka": 0.18136078119277954,
      "r_mean": 0.5017633438110352,
      "r_std": 0.15058434009552002,
      "r_min": 0.2251705527305603,
      "r_max": 1.0906885862350464,
      "corr_r_kdloss": -0.10549131116666498,
      "corr_r_gradnorm": 0.19748837989369752,
      "corr_r_teachercorrect": 0.05220623442787237,
      "corr_r_noise": -0.012977771040244605
    },
    "both_entk": {
      "cka": 0.2712382972240448,
      "r_mean": 0.7329887747764587,
      "r_std": 0.20149672031402588,
      "r_min": 0.2555406093597412,
      "r_max": 1.3331259489059448,
      "corr_r_kdloss": 0.318154037244984,
      "corr_r_gradnorm": -0.08690542550897072,
      "corr_r_teachercorrect": 0.021547500397647308,
      "corr_r_noise": 0.004672299021640439
    },
    "both_KDfeature": {
      "cka": 0.5701195001602173,
      "r_mean": 0.16364118456840515,
      "r_std": 0.10532678663730621,
      "r_min": 0.010634660720825195,
      "r_max": 0.7634561061859131,
      "corr_r_kdloss": 0.04611861881486818,
      "corr_r_gradnorm": -0.028943011746836736,
      "corr_r_teachercorrect": 0.02343432986556645,
      "corr_r_noise": -0.03756099752031489
    }
  },
  "retrain": {
    "1R": {
      "select_high_r": {
        "mean": 0.030533333333333332,
        "std": 0.003518838192105774,
        "n": 3,
        "budget": 148
      },
      "select_low_r": {
        "mean": 0.015333333333333332,
        "std": 0.0018571184369578823,
        "n": 3,
        "budget": 148
      },
      "random": {
        "mean": 0.031199999999999995,
        "std": 0.0025139610179953065,
        "n": 3,
        "budget": 148
      },
      "hard_highloss": {
        "mean": 0.01746666666666667,
        "std": 0.00024944382578492944,
        "n": 3,
        "budget": 148
      },
      "d_optimal_grad": {
        "mean": 0.022466666666666666,
        "std": 0.0014267289706021802,
        "n": 3,
        "budget": 148
      }
    },
    "2R": {
      "select_high_r": {
        "mean": 0.04473333333333334,
        "std": 0.003511251755270317,
        "n": 3,
        "budget": 296
      },
      "select_low_r": {
        "mean": 0.025866666666666666,
        "std": 0.0010624918300339477,
        "n": 3,
        "budget": 296
      },
      "random": {
        "mean": 0.05193333333333333,
        "std": 0.005806509756777779,
        "n": 3,
        "budget": 296
      },
      "hard_highloss": {
        "mean": 0.035866666666666665,
        "std": 0.003781827894315423,
        "n": 3,
        "budget": 296
      },
      "d_optimal_grad": {
        "mean": 0.034866666666666664,
        "std": 0.004691363222869115,
        "n": 3,
        "budget": 296
      }
    },
    "4R": {
      "select_high_r": {
        "mean": 0.07493333333333334,
        "std": 0.003612324582438419,
        "n": 3,
        "budget": 500
      },
      "select_low_r": {
        "mean": 0.04986666666666666,
        "std": 0.008681525723563165,
        "n": 3,
        "budget": 500
      },
      "random": {
        "mean": 0.07333333333333332,
        "std": 0.004631294515455575,
        "n": 3,
        "budget": 500
      },
      "hard_highloss": {
        "mean": 0.06713333333333334,
        "std": 0.003760614606978785,
        "n": 3,
        "budget": 500
      },
      "d_optimal_grad": {
        "mean": 0.06753333333333333,
        "std": 0.004434210439550907,
        "n": 3,
        "budget": 500
      }
    }
  },
  "wall_clock_sec": 483.71172618865967
}