{
  "setup": {
    "dataset": "CIFAR-100",
    "pair": "ResNet-56->ResNet-20",
    "grad_proxy": "last-layer",
    "N": 5000,
    "n_test": 5000,
    "proj_dim": 2048,
    "anchors": 256,
    "temp": 4.0,
    "seeds": 3,
    "teacher_test_acc": 0.7032,
    "teacher_pool_correct": 0.9215999841690063,
    "student_warm_acc": 0.0867999941110611,
    "eff_rank_R": 213,
    "retrain_epochs": 40,
    "warmup_epochs": 5
  },
  "signatures": {
    "studentKD_teacherENTK": {
      "cka": 0.21331281960010529,
      "r_mean": 0.5332483053207397,
      "r_std": 0.1416817307472229,
      "r_min": 0.22575998306274414,
      "r_max": 1.4296029806137085,
      "corr_r_kdloss": -0.19026389613716507,
      "corr_r_gradnorm": 0.09834065097173085,
      "corr_r_teachercorrect": -0.005371661733223845,
      "corr_r_noise": -0.0172701581592206
    },
    "both_entk": {
      "cka": 0.2728419601917267,
      "r_mean": 0.6991580724716187,
      "r_std": 0.17724443972110748,
      "r_min": 0.24409455060958862,
      "r_max": 1.3383700847625732,
      "corr_r_kdloss": 0.3306159573299304,
      "corr_r_gradnorm": 0.0006428303977032004,
      "corr_r_teachercorrect": 0.01148547385535311,
      "corr_r_noise": -0.009385863683452992
    },
    "both_KDfeature": {
      "cka": 0.7001869678497314,
      "r_mean": 0.15785351395606995,
      "r_std": 0.10385271161794662,
      "r_min": 0.013013839721679688,
      "r_max": 1.087381362915039,
      "corr_r_kdloss": 0.0416977040055154,
      "corr_r_gradnorm": -0.04173928413834866,
      "corr_r_teachercorrect": 0.01350240399152254,
      "corr_r_noise": -0.012953213171330094
    }
  },
  "retrain": {
    "b500": {
      "select_high_r": {
        "mean": 0.07373333333333333,
        "std": 0.0017913371790059245,
        "n": 3,
        "budget": 500
      },
      "select_low_r": {
        "mean": 0.04713333333333333,
        "std": 0.0019955506062794342,
        "n": 3,
        "budget": 500
      },
      "random": {
        "mean": 0.078,
        "std": 0.004439219150556403,
        "n": 3,
        "budget": 500
      },
      "hard_highloss": {
        "mean": 0.07133333333333335,
        "std": 0.002131248981752772,
        "n": 3,
        "budget": 500
      },
      "d_optimal_grad": {
        "mean": 0.06646666666666666,
        "std": 0.005382275437850508,
        "n": 3,
        "budget": 500
      }
    },
    "b1000": {
      "select_high_r": {
        "mean": 0.11,
        "std": 0.0015577761927397186,
        "n": 3,
        "budget": 1000
      },
      "select_low_r": {
        "mean": 0.09060000000000001,
        "std": 0.0035364765892999615,
        "n": 3,
        "budget": 1000
      },
      "random": {
        "mean": 0.1196,
        "std": 0.0053987652909407635,
        "n": 3,
        "budget": 1000
      },
      "hard_highloss": {
        "mean": 0.121,
        "std": 0.004955804677345548,
        "n": 3,
        "budget": 1000
      },
      "d_optimal_grad": {
        "mean": 0.0978,
        "std": 0.00572945605329744,
        "n": 3,
        "budget": 1000
      }
    },
    "b2000": {
      "select_high_r": {
        "mean": 0.24239999999999998,
        "std": 0.014507928866657704,
        "n": 3,
        "budget": 2000
      },
      "select_low_r": {
        "mean": 0.1968,
        "std": 0.0018832595855767318,
        "n": 3,
        "budget": 2000
      },
      "random": {
        "mean": 0.19820000000000002,
        "std": 0.005101633725255726,
        "n": 3,
        "budget": 2000
      },
      "hard_highloss": {
        "mean": 0.21506666666666666,
        "std": 0.015665106305274644,
        "n": 3,
        "budget": 2000
      },
      "d_optimal_grad": {
        "mean": 0.21760000000000002,
        "std": 0.0023720595832876254,
        "n": 3,
        "budget": 2000
      }
    }
  },
  "wall_clock_sec": 248.00574779510498
}