{
  "setup": {
    "dataset": "sklearn-digits",
    "N": 1200,
    "proj_dim": 2048,
    "anchors": 256,
    "temp": 4.0,
    "teacher_hidden": 128,
    "student_hidden": 32,
    "warmup_epochs": 12,
    "seeds": 5,
    "teacher_train_acc": 1.0,
    "teacher_test_acc": 0.9777777791023254,
    "student_warm_acc": 0.6533333659172058,
    "eff_rank_R": 104,
    "device": "cuda",
    "gpu": "NVIDIA A100 80GB PCIe"
  },
  "signatures": {
    "studentKD_teacherENTK": {
      "cka": 0.4678748846054077,
      "r_mean": 0.300525963306427,
      "r_std": 0.10625549405813217,
      "r_min": 0.02621006965637207,
      "r_max": 0.8294447064399719,
      "corr_r_kdloss": -0.35408967658652934,
      "corr_r_gradnorm": -0.2781940602735325,
      "corr_r_teachercorrect": 0.0,
      "corr_r_noise": -0.00036776843937702286
    },
    "both_entk": {
      "cka": 0.7633018493652344,
      "r_mean": 0.1136547401547432,
      "r_std": 0.06613193452358246,
      "r_min": 0.03128039836883545,
      "r_max": 0.7528386116027832,
      "corr_r_kdloss": -0.19738881370211467,
      "corr_r_gradnorm": -0.12466272452715137,
      "corr_r_teachercorrect": 0.0,
      "corr_r_noise": 0.0456906578452261
    },
    "both_KDfeature": {
      "cka": 0.8317928314208984,
      "r_mean": 0.053219273686409,
      "r_std": 0.036695849150419235,
      "r_min": 0.006803989410400391,
      "r_max": 0.29531222581863403,
      "corr_r_kdloss": -0.35476603860400185,
      "corr_r_gradnorm": -0.3236348712209008,
      "corr_r_teachercorrect": 0.0,
      "corr_r_noise": -0.004847314992896334
    }
  },
  "retrain": {
    "1R": {
      "select_high_r": {
        "mean": 0.8527778029441834,
        "std": 0.011111116409314548,
        "n": 5,
        "budget": 104
      },
      "select_low_r": {
        "mean": 0.35555556416511536,
        "std": 0.007243558939121563,
        "n": 5,
        "budget": 104
      },
      "random": {
        "mean": 0.8961111307144165,
        "std": 0.005152009646853807,
        "n": 5,
        "budget": 104
      },
      "hard_highloss": {
        "mean": 0.5516666889190673,
        "std": 0.015173887972395382,
        "n": 5,
        "budget": 104
      },
      "d_optimal_grad": {
        "mean": 0.942222261428833,
        "std": 0.006431026039653652,
        "n": 5,
        "budget": 104
      }
    },
    "2R": {
      "select_high_r": {
        "mean": 0.9361111283302307,
        "std": 0.0084254196055303,
        "n": 5,
        "budget": 208
      },
      "select_low_r": {
        "mean": 0.4044444501399994,
        "std": 0.031160675338988853,
        "n": 5,
        "budget": 208
      },
      "random": {
        "mean": 0.9227778077125549,
        "std": 0.008678049717667344,
        "n": 5,
        "budget": 208
      },
      "hard_highloss": {
        "mean": 0.6927778005599976,
        "std": 0.018138688806369038,
        "n": 5,
        "budget": 208
      },
      "d_optimal_grad": {
        "mean": 0.9527777910232544,
        "std": 0.0052704640235287864,
        "n": 5,
        "budget": 208
      }
    },
    "4R": {
      "select_high_r": {
        "mean": 0.9616666793823242,
        "std": 0.006186418931030372,
        "n": 5,
        "budget": 300
      },
      "select_low_r": {
        "mean": 0.5683333396911621,
        "std": 0.03135814628819227,
        "n": 5,
        "budget": 300
      },
      "random": {
        "mean": 0.9305555820465088,
        "std": 0.0017568066811183333,
        "n": 5,
        "budget": 300
      },
      "hard_highloss": {
        "mean": 0.8094444632530212,
        "std": 0.019293058209257766,
        "n": 5,
        "budget": 300
      },
      "d_optimal_grad": {
        "mean": 0.9572222471237183,
        "std": 0.006712809084699207,
        "n": 5,
        "budget": 300
      }
    }
  },
  "wall_clock_sec": 13.631181478500366
}